street,city,zip,state,price,status
9401 BARREL RACER CT,WILTON,95693,CA,884790,Sold
2982 ABERDEEN LN,EL DORADO HILLS,95762,CA,879000,Sold
3935 EL MONTE DR,LOOMIS,95650,CA,839000,Foreclosed
315 JUMEL CT,EL DORADO HILLS,95762,CA,830000,sold
6222 CALLE MONTALVO CIR,GRANITE BAY,95746,CA,760000,Sold
1409 47TH ST,SACRAMENTO,95819,CA,699000,Foreclosed
12901 FURLONG DR,WILTON,95693,CA,691659,Sold
4128 HILL ST,FAIR OAKS,95628,CA,680000,Foreclosed
2065 IMPRESSIONIST WAY,EL DORADO HILLS,95762,CA,680000,Foreclosed
2400 COUNTRYSIDE DR,PLACERVILLE,95667,CA,677048,Sold
4629 DORCHESTER LN,GRANITE BAY,95746,CA,676200,Sold
4734 GIBBONS DR,CARMICHAEL,95608,CA,668365,Sold
4004 CRESTA WAY,SACRAMENTO,95864,CA,660000,Foreclosed
104 CATLIN CT,FOLSOM,95630,CA,636000,Sold
200 CRADLE MOUNTAIN CT,EL DORADO HILLS,95762,CA,622500,Sold
8616 ROCKPORTE CT,ROSEVILLE,95747,CA,614000,Foreclosed
2981 WRINGER DR,ROSEVILLE,95661,CA,613401,Foreclosed
8432 BRIGGS DR,ROSEVILLE,95747,CA,610000,Foreclosed
4070 REDONDO DR,EL DORADO HILLS,95762,CA,606238,sold
6030 PALERMO WAY,EL DORADO HILLS,95762,CA,600000,Foreclosed
1800 AVONDALE DR,ROSEVILLE,95747,CA,600000,Sold
4620 BROMWICH CT,ROCKLIN,95677,CA,600000,Sold
620 KESWICK CT,GRANITE BAY,95746,CA,600000,Foreclosed
4478 GREENBRAE RD,ROCKLIN,95677,CA,600000,Foreclosed
9880 IZILDA CT,SACRAMENTO,95829,CA,598695,Foreclosed
868 HILDEBRAND CIR,FOLSOM,95630,CA,585000,sold
5709 RIVER OAK WAY,CARMICHAEL,95608,CA,582000,Foreclosed
9360 MAGOS RD,WILTON,95693,CA,579093,Sold
1165 37TH ST,SACRAMENTO,95816,CA,575000,Foreclosed
203 CASCADE FALLS DR,FOLSOM,95630,CA,575000,Sold
7756 TIGERWOODS DR,SACRAMENTO,95829,CA,572500,Foreclosed
9741 SADDLEBRED CT,WILTON,95693,CA,560000,Foreclosed
820 DANA CT,AUBURN,95603,CA,560000,Foreclosed
3863 LAS PASAS WAY,SACRAMENTO,95864,CA,545000,Foreclosed
2733 DANA LOOP,EL DORADO HILLS,95762,CA,541000,Foreclosed
2217 APPALOOSA CT,FOLSOM,95630,CA,539000,Foreclosed
4841 VILLAGE GREEN DR,EL DORADO HILLS,95762,CA,533000,Sold
2049 EMPIRE MINE CIR,GOLD RIVER,95670,CA,528000,Sold
8217 PLUMERIA AVE,FAIR OAKS,95628,CA,525000,Sold
1732 TUSCAN GROVE CIR,ROSEVILLE,95747,CA,520000,Sold
408 KIRKWOOD CT,LINCOLN,95648,CA,512000,Sold
200 HILLSFORD CT,ROSEVILLE,95747,CA,511000,Foreclosed
6503 RIO DE ONAR WAY,ELK GROVE,95757,CA,510000,sold
6196 EDGEHILL DR,EL DORADO HILLS,95762,CA,508000,Sold
1500 ORANGE HILL LN,PENRYN,95663,CA,506688,Sold
1740 HIGH ST,AUBURN,95603,CA,504000,Foreclosed
201 FIRESTONE DR,ROSEVILLE,95678,CA,500500,Foreclosed
100 CHELSEA CT,FOLSOM,95630,CA,500000,Sold
2901 PINTAIL WAY,ELK GROVE,95757,CA,495000,Foreclosed
2089 BECKETT DR,EL DORADO HILLS,95762,CA,493000,Foreclosed
6401 MARSHALL RD,GARDEN VALLEY,95633,CA,490000,Foreclosed
7004 RAWLEY WAY,ELK GROVE,95757,CA,489332,Foreclosed
5954 TANUS CIR,ROCKLIN,95677,CA,488750,Sold
719 BAYWOOD CT,EL DORADO HILLS,95762,CA,487500,Sold
9970 STATE HIGHWAY 193,PLACERVILLE,95667,CA,485000,Foreclosed
9605 GOLF COURSE LN,ELK GROVE,95758,CA,484500,Sold
2109 HAMLET PL,CARMICHAEL,95608,CA,484000,Foreclosed
2125 BIG SKY DR,ROCKLIN,95765,CA,480000,Foreclosed
6935 ELM TREE LN,ORANGEVALE,95662,CA,475000,Sold
4320 FOUR SEASONS RD,PLACERVILLE,95667,CA,475000,Foreclosed
5559 NORTHBOROUGH DR,SACRAMENTO,95835,CA,471750,Foreclosed
5746 GELSTON WAY,EL DORADO HILLS,95762,CA,471000,Sold
500 WINCHESTER CT,ROSEVILLE,95661,CA,470000,Sold
241 LANFRANCO CIR,SACRAMENTO,95835,CA,465000,Foreclosed
6507 RIO DE ONAR WAY,ELK GROVE,95757,CA,461000,sold
207 ORANGE BLOSSOM CIR Unit C,FOLSOM,95630,CA,460000,Foreclosed
4440 SYCAMORE AVE,SACRAMENTO,95841,CA,460000,Foreclosed
1032 SOUZA DR,EL DORADO HILLS,95762,CA,460000,Foreclosed
9760 LAZULITE CT,ELK GROVE,95624,CA,460000,Foreclosed
2159 BECKETT DR,EL DORADO HILLS,95762,CA,460000,Sold
3212 CORNICHE LN,ROSEVILLE,95661,CA,455000,Sold
3027 PALMATE WAY,SACRAMENTO,95834,CA,452000,Sold
1044 GALSTON DR,FOLSOM,95630,CA,450000,Foreclosed
5201 BLOSSOM RANCH DR,ELK GROVE,95757,CA,450000,Sold
3108 DELWOOD WAY,SACRAMENTO,95821,CA,450000,Foreclosed
1113 SANDWICK WAY,FOLSOM,95630,CA,446000,Sold
9278 DAIRY CT,ELK GROVE,95624,CA,445000,sold
427 21ST ST,SACRAMENTO,95811,CA,445000,Foreclosed
9516 LAGUNA LAKE WAY,ELK GROVE,95758,CA,445000,Sold
1240 FAY CIR,SACRAMENTO,95831,CA,445000,Foreclosed
700 HUNTER PL,FOLSOM,95630,CA,441000,Foreclosed
4100 BOTHWELL CIR,EL DORADO HILLS,95762,CA,438700,Foreclosed
509 CASTILLIAN CT,ROSEVILLE,95747,CA,438000,Foreclosed
1456 EAGLESFIELD LN,LINCOLN,95648,CA,436746,Foreclosed
14 CASA VATONI PL,SACRAMENTO,95834,CA,433500,Foreclosed
1536 STONEY CROSS LN,LINCOLN,95648,CA,433500,Sold
4966 CHARTER RD,ROCKLIN,95765,CA,430922,Sold
4186 TULIP PARK WAY,RANCHO CORDOVA,95742,CA,430000,Foreclosed
1315 KONDOS AVE,SACRAMENTO,95814,CA,427500,Sold
6945 RIO TEJO WAY,ELK GROVE,95757,CA,425000,sold
5404 ALMOND FALLS WAY,RANCHO CORDOVA,95742,CA,425000,Foreclosed
6306 CONEJO,RANCHO MURIETA,95683,CA,425000,Foreclosed
51 AIKEN WAY,SACRAMENTO,95819,CA,425000,Foreclosed
2818 KNOLLWOOD DR,CAMERON PARK,95682,CA,425000,Sold
169 BAURER CIR,FOLSOM,95630,CA,423000,Sold
2809 LOON CT,CAMERON PARK,95682,CA,423000,Sold
1484 RADCLIFFE WAY,AUBURN,95603,CA,420454,Sold
1092 MAUGHAM CT,GALT,95632,CA,420000,Foreclosed
3013 BRIDLEWOOD DR,EL DORADO HILLS,95762,CA,420000,Sold
398 LINDLEY DR,SACRAMENTO,95815,CA,416767,Sold
10 SEA FOAM CT,SACRAMENTO,95831,CA,415000,Foreclosed
4748 SALEM WAY,CARMICHAEL,95608,CA,415000,Foreclosed
1124 PERKINS WAY,SACRAMENTO,95818,CA,413500,Foreclosed
2148 RANCH VIEW DR,ROCKLIN,95765,CA,413000,Sold
1792 DIAMOND WOODS CIR,ROSEVILLE,95747,CA,412500,Foreclosed
3361 ALDER CANYON WAY,ANTELOPE,95843,CA,408431,Sold
10104 ANNIE ST,ELK GROVE,95757,CA,406026,Foreclosed
2121 HANNAH WAY,ROCKLIN,95765,CA,402000,Foreclosed
9361 WADDELL LN,ELK GROVE,95624,CA,400186,sold
170 LAGOMARSINO WAY,SACRAMENTO,95819,CA,400000,Sold
2743 DEAKIN PL,EL DORADO HILLS,95762,CA,400000,Sold
1515 EL CAMINO VERDE DR,LINCOLN,95648,CA,400000,Sold
556 PLATT CIR,EL DORADO HILLS,95762,CA,400000,Sold
3429 FERNBROOK CT,CAMERON PARK,95682,CA,399000,Foreclosed
9677 PILLITERI CT,ELK GROVE,95757,CA,397000,Foreclosed
5420 ALMOND FALLS WAY,RANCHO CORDOVA,95742,CA,396000,Sold
1975 SIDESADDLE WAY,ROSEVILLE,95661,CA,395500,Foreclosed
11817 OPAL RIDGE WAY,RANCHO CORDOVA,95742,CA,395100,Sold
1693 SHELTER COVE DR,GREENWOOD,95635,CA,395000,Foreclosed
6801 RAWLEY WAY,ELK GROVE,95757,CA,394470,sold
1300 F ST,SACRAMENTO,95814,CA,391000,Foreclosed
12075 APPLESBURY CT,RANCHO CORDOVA,95742,CA,390000,Foreclosed
201 KIRKLAND CT,LINCOLN,95648,CA,389000,Foreclosed
3622 CURTIS DR,SACRAMENTO,95818,CA,388000,Sold
7837 ABBINGTON WAY,ANTELOPE,95843,CA,387731,sold
3621 WINTUN DR,CARMICHAEL,95608,CA,386222,Sold
9629 CEDAR OAK WAY,ELK GROVE,95757,CA,385000,Foreclosed
6313 CASTRO VERDE WAY,ELK GROVE,95757,CA,383000,Sold
1050 FOXHALL WAY,SACRAMENTO,95831,CA,381942,Foreclosed
5579 JERRY LITELL WAY,SACRAMENTO,95835,CA,381300,sold
6905 FRANKFORT CT,ELK GROVE,95758,CA,380578,Sold
5924 TANUS CIR,ROCKLIN,95677,CA,380000,Foreclosed
14004 WALNUT AVE,WALNUT GROVE,95690,CA,380000,Foreclosed
10112 LAMBEAU CT,ELK GROVE,95757,CA,378000,Sold
7105 DANBERG WAY,ELK GROVE,95757,CA,375000,Foreclosed
2274 IVY BRIDGE DR,ROSEVILLE,95747,CA,375000,Sold
11215 SHARRMONT CT,WILTON,95693,CA,372000,sold
2113 FALL TRAIL CT,PLACERVILLE,95667,CA,371086,Sold
15300 MURIETA SOUTH PKWY,RANCHO MURIETA,95683,CA,370500,Foreclosed
8082 LINDA ISLE LN,SACRAMENTO,95831,CA,370000,sold
9688 NATURE TRAIL WAY,ELK GROVE,95757,CA,370000,Foreclosed
2802 BLACK OAK DR,ROCKLIN,95765,CA,370000,Sold
1336 LAYSAN TEAL DR,ROSEVILLE,95747,CA,368500,Sold
7641 ROSEHALL DR,ROSEVILLE,95678,CA,367554,Sold
9048 PINTO CANYON WAY,ROSEVILLE,95747,CA,367463,Foreclosed
2450 SAN JOSE WAY,SACRAMENTO,95817,CA,365000,Sold
2103 BURBERRY WAY,SACRAMENTO,95835,CA,362305,Sold
1620 BASLER ST,SACRAMENTO,95811,CA,361948,Foreclosed
3975 SHINING STAR DR,SACRAMENTO,95823,CA,361745,Foreclosed
5479 NICKMAN WAY,SACRAMENTO,95835,CA,360552,Sold
1322 SUTTER WALK,SACRAMENTO,95816,CA,360000,Sold
506 BEDFORD CT,ROSEVILLE,95661,CA,360000,Foreclosed
4165 BRISBANE CIR,EL DORADO HILLS,95762,CA,356200,Foreclosed
200 ALLAIRE CIR,SACRAMENTO,95835,CA,356035,Sold
318 ANACAPA DR,ROSEVILLE,95678,CA,356000,Foreclosed
1033 PARK STREAM DR,GALT,95632,CA,355000,Sold
200 OAKWILDE ST,GALT,95632,CA,353767,Sold
3020 RICHARDSON CIR,EL DORADO HILLS,95762,CA,352000,Foreclosed
4143 SEA MEADOW WAY,SACRAMENTO,95823,CA,351300,sold
6232 GUS WAY,ELK GROVE,95757,CA,351000,Sold
7709 RIVER VILLAGE DR,SACRAMENTO,95831,CA,351000,Sold
1230 SANDRA CIR,PLACERVILLE,95667,CA,350000,Foreclosed
4509 WINJE DR,ANTELOPE,95843,CA,350000,Foreclosed
1965 LAURELHURST LN,LINCOLN,95648,CA,350000,Sold
6709 ROSE BRIDGE DR,ROSEVILLE,95678,CA,350000,Foreclosed
281 SPYGLASS HL,ROSEVILLE,95678,CA,350000,Sold
4821 HUTSON WAY,ELK GROVE,95757,CA,349000,Foreclosed
6708 PONTA DO SOL WAY,ELK GROVE,95757,CA,347650,Foreclosed
7697 ROSEHALL DR,ROSEVILLE,95678,CA,347225,Foreclosed
8495 DARTFORD DR,SACRAMENTO,95823,CA,347029,sold
5725 BALFOR RD,ROCKLIN,95765,CA,346375,Sold
9488 OAK VILLAGE WAY,ELK GROVE,95758,CA,346210,Foreclosed
8909 BILLFISH WAY,SACRAMENTO,95828,CA,345746,Sold
796 BUTTERCUP CIR,GALT,95632,CA,345000,Foreclosed
907 RIO ROBLES AVE,SACRAMENTO,95838,CA,344755,Sold
100 REBECCA WAY,FOLSOM,95630,CA,344250,sold
5102 ARCHCREST WAY,SACRAMENTO,95835,CA,341000,Sold
29 COOL FOUNTAIN CT,SACRAMENTO,95833,CA,340000,Sold
2115 SMOKESTACK WAY,SACRAMENTO,95833,CA,339500,Foreclosed
1106 55TH ST,SACRAMENTO,95819,CA,339000,Foreclosed
411 ILLSLEY WAY,FOLSOM,95630,CA,339000,Foreclosed
3512 RAINSONG CIR,RANCHO CORDOVA,95670,CA,336000,Foreclosed
4620 WELERA WAY,ELK GROVE,95757,CA,335750,Foreclosed
9723 TERRAPIN CT,ELK GROVE,95757,CA,335750,sold
5544 CAMAS CT,ORANGEVALE,95662,CA,335000,Foreclosed
8025 PEERLESS AVE,ORANGEVALE,95662,CA,334150,sold
5411 10TH AVE,SACRAMENTO,95820,CA,334000,Foreclosed
580 REGENCY PARK CIR,SACRAMENTO,95835,CA,334000,Sold
149 OPUS CIR,SACRAMENTO,95834,CA,332000,Foreclosed
12241 CANYONLANDS DR,RANCHO CORDOVA,95742,CA,331500,Sold
10254 JULIANA WAY,SACRAMENTO,95827,CA,331200,Sold
5405 NECTAR CIR,ELK GROVE,95757,CA,331000,Foreclosed
6121 WILD FOX CT,ELK GROVE,95757,CA,331000,Sold
2251 LAMPLIGHT LN,LINCOLN,95648,CA,330000,Foreclosed
106 FARHAM DR,FOLSOM,95630,CA,330000,Foreclosed
1440 EMERALD LN,LINCOLN,95648,CA,330000,Sold
3349 CORVINA DR,RANCHO CORDOVA,95670,CA,330000,Sold
310 GROTH CIR,SACRAMENTO,95834,CA,328578,Sold
1214 DAWNWOOD DR,GALT,95632,CA,328370,Sold
8929 SUTTERS GOLD DR,SACRAMENTO,95826,CA,328360,Foreclosed
448 ELMWOOD CT,ROSEVILLE,95678,CA,326951,Sold
3232 PARKHAM DR,ROSEVILLE,95747,CA,325500,Sold
4741 PACIFIC PARK DR,ANTELOPE,95843,CA,325000,Sold
2422 STEFANIE DR,ROCKLIN,95765,CA,325000,Sold
3372 BERETANIA WAY,SACRAMENTO,95834,CA,322000,Sold
4359 CREGAN CT,RANCHO CORDOVA,95742,CA,320000,Foreclosed
5337 DUSTY ROSE WAY,RANCHO CORDOVA,95742,CA,320000,sold
5912 DEEPDALE WAY,ELK GROVE,95758,CA,320000,Sold
4712 PISMO BEACH DR,ANTELOPE,95843,CA,320000,Sold
5608 ROSEDALE WAY,SACRAMENTO,95822,CA,320000,Sold
8 RIVER RAFT CT,SACRAMENTO,95823,CA,319789,Foreclosed
8788 LA MARGARITA WAY,SACRAMENTO,95828,CA,316630,Sold
9570 HARVEST ROSE WAY,SACRAMENTO,95827,CA,315537,sold
1312 RENISON LN,LINCOLN,95648,CA,315000,Foreclosed
5601 SPINDRIFT LN,ORANGEVALE,95662,CA,315000,Sold
652 FIFTEEN MILE DR,ROSEVILLE,95678,CA,315000,Sold
7921 DOE TRAIL WAY,ANTELOPE,95843,CA,315000,Sold
4204 LUSK DR,SACRAMENTO,95864,CA,315000,Sold
5321 DELTA DR,ROCKLIN,95765,CA,315000,Sold
8205 WEYBURN CT,SACRAMENTO,95828,CA,313138,Sold
5222 COPPER SUNSET WAY,RANCHO CORDOVA,95742,CA,313000,Sold
15 VANESSA PL,SACRAMENTO,95835,CA,312500,Foreclosed
1571 WILD OAK LN,LINCOLN,95648,CA,312000,Sold
63 ANGEL ISLAND CIR,SACRAMENTO,95831,CA,311518,Sold
251 CHANGO CIR,SACRAMENTO,95835,CA,311328,Sold
8664 MAGNOLIA HILL WAY,ELK GROVE,95624,CA,311000,Foreclosed
2949 PANAMA AVE,CARMICHAEL,95608,CA,310000,Sold
1356 HARTLEY WAY,FOLSOM,95630,CA,310000,Sold
633 HANISCH DR,ROSEVILLE,95678,CA,310000,Sold
3072 VILLAGE PLAZA DR,ROSEVILLE,95747,CA,307000,Sold
3224 PARKHAM DR,ROSEVILLE,95747,CA,306500,Foreclosed
1104 HILLSDALE LN,LINCOLN,95648,CA,306000,Sold
2015 PROMONTORY POINT LN,GOLD RIVER,95670,CA,305000,Foreclosed
3253 ABOTO WAY,RANCHO CORDOVA,95670,CA,305000,Sold
8215 PEREGRINE WAY,CITRUS HEIGHTS,95610,CA,305000,Sold
4727 SAVOIE WAY,SACRAMENTO,95835,CA,304037,sold
2513 OLD KENMARE RD,LINCOLN,95648,CA,304000,Sold
5908 MCLEAN DR,ELK GROVE,95757,CA,303000,Sold
5776 TERRACE DR,ROCKLIN,95765,CA,300567,Sold
5651 OVERLEAF WAY,SACRAMENTO,95835,CA,300500,Foreclosed
11281 STANFORD COURT LN Unit 604,GOLD RIVER,95670,CA,300000,Foreclosed
7320 6TH ST,RIO LINDA,95673,CA,300000,Foreclosed
993 MANTON CT,GALT,95632,CA,300000,Foreclosed
4487 PANORAMA DR,PLACERVILLE,95667,CA,300000,Foreclosed
1113 COMMONS DR,SACRAMENTO,95825,CA,300000,Sold
2341 BIG STRIKE TRL,COOL,95614,CA,300000,Sold
9452 RED SPRUCE WAY,ELK GROVE,95624,CA,300000,Sold
62 DE FER CIR,SACRAMENTO,95823,CA,299940,Sold
2010 PROMONTORY POINT LN,GOLD RIVER,95670,CA,299000,Foreclosed
1828 2ND AVE,SACRAMENTO,95818,CA,299000,Sold
4925 PERCHERON DR,ELK GROVE,95757,CA,298000,sold
8253 KEEGAN WAY,ELK GROVE,95624,CA,298000,Sold
9204 TROUT WAY,ELK GROVE,95624,CA,298000,Sold
1102 CHESLEY LN,LINCOLN,95648,CA,297500,Foreclosed
8612 WILLOW GROVE WAY,SACRAMENTO,95828,CA,297359,Sold
10158 CRAWFORD WAY,SACRAMENTO,95827,CA,297000,sold
7731 MASTERS ST,ELK GROVE,95758,CA,297000,Foreclosed
405 MARLIN SPIKE WAY,SACRAMENTO,95838,CA,296769,Foreclosed
10629 BASIE WAY,RANCHO CORDOVA,95670,CA,296056,Sold
4800 MAPLEPLAIN AVE,ELK GROVE,95758,CA,296000,Sold
26 JEANROSS CT,SACRAMENTO,95832,CA,295000,Sold
5747 KING RD,LOOMIS,95650,CA,295000,Sold
8463 TERRACOTTA CT,ELK GROVE,95624,CA,294173,Sold
37 WHITE BIRCH CT,ROSEVILLE,95678,CA,294000,Foreclosed
865 CONRAD CT,PLACERVILLE,95667,CA,294000,Sold
1524 YOUNGS AVE,SACRAMENTO,95838,CA,293996,Sold
5413 BUENA VENTURA WAY,FAIR OAKS,95628,CA,293993,Foreclosed
1838 CASTRO WAY,SACRAMENTO,95818,CA,292024,Foreclosed
3578 LOGGERHEAD WAY,SACRAMENTO,95834,CA,292000,Foreclosed
1416 LOCKHART WAY,ROSEVILLE,95747,CA,292000,Foreclosed
5322 WHITE LOTUS WAY,ELK GROVE,95757,CA,291000,sold
1103 COMMONS DR,SACRAMENTO,95825,CA,290000,Sold
4636 TEAL BAY CT,ANTELOPE,95843,CA,290000,Sold
4885 SUMMIT VIEW DR,EL DORADO,95623,CA,289000,Sold
10133 NEBBIOLO CT,ELK GROVE,95624,CA,289000,Sold
2916 BABSON DR,ELK GROVE,95758,CA,288000,Sold
8882 AUTUMN GOLD CT,ELK GROVE,95624,CA,287417,Foreclosed
8806 PHOENIX AVE,FAIR OAKS,95628,CA,286013,Foreclosed
9507 SEA CLIFF WAY,ELK GROVE,95758,CA,285000,sold
5419 HAVENHURST CIR,ROCKLIN,95677,CA,285000,Sold
220 OLD AIRPORT RD,AUBURN,95603,CA,285000,Sold
4622 MEYER WAY,CARMICHAEL,95608,CA,285000,Sold
8986 HAFLINGER WAY,ELK GROVE,95757,CA,285000,Sold
6220 OPUS CT,CITRUS HEIGHTS,95621,CA,284893,Sold
1219 G ST,SACRAMENTO,95814,CA,284686,Sold
2912 NORCADE CIR,SACRAMENTO,95826,CA,282400,Foreclosed
2064 EXPEDITION WAY,SACRAMENTO,95832,CA,280987,sold
2900 BLAIR RD,POLLOCK PINES,95726,CA,280908,Foreclosed
9720 LITTLE HARBOR WAY,ELK GROVE,95624,CA,280000,Foreclosed
1042 STARBROOK DR,GALT,95632,CA,280000,Sold
6326 APPIAN WAY,CARMICHAEL,95608,CA,280000,Sold
6905 COBALT WAY,CITRUS HEIGHTS,95621,CA,280000,Sold
2987 DIORITE WAY,SACRAMENTO,95835,CA,279000,Sold
294 SPARROW DR,GALT,95632,CA,278000,Sold
2242 ABLE WAY,SACRAMENTO,95835,CA,277980,Sold
2678 BRIARTON DR,LINCOLN,95648,CA,276500,Sold
2915 HOLDREGE WAY,SACRAMENTO,95835,CA,276000,Sold
7744 SOUTHBREEZE DR,SACRAMENTO,95828,CA,275336,Sold
6850 21ST ST,SACRAMENTO,95822,CA,275086,sold
8864 REMBRANT CT,ELK GROVE,95624,CA,275000,Foreclosed
9455 SEA CLIFF WAY,ELK GROVE,95758,CA,275000,Foreclosed
6007 MARYBELLE LN,SHINGLE SPRINGS,95682,CA,275000,Sold
9949 NESTLING CIR,ELK GROVE,95757,CA,275000,Sold
6286 LONETREE BLVD,ROCKLIN,95765,CA,274500,Sold
10372 VIA CINTA CT,ELK GROVE,95757,CA,274425,Sold
7842 LAHONTAN CT,SACRAMENTO,95829,CA,273750,Foreclosed
2674 TAM O SHANTER DR,EL DORADO HILLS,95762,CA,272700,Sold
5625 JAMES WAY,SACRAMENTO,95822,CA,271742,sold
3040 PARKHAM DR,ROSEVILLE,95747,CA,271000,Sold
230 BANKSIDE WAY,SACRAMENTO,95835,CA,270000,Foreclosed
5342 CALABRIA WAY,SACRAMENTO,95835,CA,270000,Foreclosed
47 NAPONEE CT,SACRAMENTO,95835,CA,270000,Foreclosed
4236 ADRIATIC SEA WAY,SACRAMENTO,95834,CA,270000,Foreclosed
5635 FOXVIEW WAY,ELK GROVE,95757,CA,270000,Sold
6001 SHOO FLY RD,PLACERVILLE,95667,CA,270000,Sold
1251 GREEN RAVINE DR,LINCOLN,95648,CA,267750,Sold
10165 LOFTON WAY,ELK GROVE,95757,CA,266510,Sold
11826 DIONYSUS WAY,RANCHO CORDOVA,95742,CA,266000,Sold
5847 DEL CAMPO LN,CARMICHAEL,95608,CA,266000,Sold
4236 NATOMAS CENTRAL DR,SACRAMENTO,95834,CA,265000,sold
5615 LUPIN LN,POLLOCK PINES,95726,CA,265000,Foreclosed
8108 FILIFERA WAY,ANTELOPE,95843,CA,265000,Foreclosed
1570 GLIDDEN AVE,SACRAMENTO,95822,CA,264469,Foreclosed
12209 CONSERVANCY WAY,RANCHO CORDOVA,95742,CA,263500,Foreclosed
5635 LOS PUEBLOS WAY,SACRAMENTO,95835,CA,263500,Sold
955 BIG SUR CT,EL DORADO HILLS,95762,CA,262500,Sold
632 NEWBRIDGE LN,LINCOLN,95648,CA,261800,Foreclosed
5712 MELBURY CIR,ANTELOPE,95843,CA,261000,Foreclosed
8491 CRYSTAL WALK CIR,ELK GROVE,95758,CA,261000,Sold
361 MAHONIA CIR,SACRAMENTO,95835,CA,261000,Sold
3427 LA CADENA WAY,SACRAMENTO,95835,CA,261000,Sold
4900 71ST ST,SACRAMENTO,95820,CA,260014,sold
230 CANDELA CIR,SACRAMENTO,95835,CA,260000,Foreclosed
7922 MANSELL WAY,ELK GROVE,95758,CA,260000,Foreclosed
2231 COUNTRY VILLA CT,AUBURN,95603,CA,260000,Sold
6221 GREEN TOP WAY,ORANGEVALE,95662,CA,260000,Sold
2298 PRIMROSE LN,LINCOLN,95648,CA,260000,Sold
5529 LAGUNA PARK DR,ELK GROVE,95758,CA,258000,sold
9182 LAKEMONT DR,ELK GROVE,95624,CA,258000,Sold
8207 YORKTON WAY,SACRAMENTO,95829,CA,257729,Foreclosed
191 BARNHART CIR,SACRAMENTO,95835,CA,257200,Sold
6344 BONHAM CIR,CITRUS HEIGHTS,95610,CA,256054,Foreclosed
5312 MARBURY WAY,ANTELOPE,95843,CA,255000,Foreclosed
8671 SUMMER SUN WAY,ELK GROVE,95624,CA,255000,Sold
1890 GENEVA PL,SACRAMENTO,95825,CA,255000,Sold
1813 AVENIDA MARTINA,ROSEVILLE,95747,CA,255000,Sold
4901 MILLNER WAY,ELK GROVE,95757,CA,254200,sold
4818 BRITTNEY LEE CT,SACRAMENTO,95841,CA,254200,Foreclosed
5308 MARBURY WAY,ANTELOPE,95843,CA,254172,Sold
8304 JUGLANS DR,ORANGEVALE,95662,CA,252155,Sold
9355 MATADOR WAY,SACRAMENTO,95826,CA,252000,Sold
2130 CATHERWOOD WAY,SACRAMENTO,95835,CA,251000,Sold
4010 ALEX LN,CARMICHAEL,95608,CA,250134,Foreclosed
5448 MAIDSTONE WAY,CITRUS HEIGHTS,95621,CA,250000,Foreclosed
18 OLLIE CT,ELK GROVE,95758,CA,250000,sold
221 PICASSO CIR,SACRAMENTO,95835,CA,250000,Foreclosed
5706 GREENACRES WAY,ORANGEVALE,95662,CA,250000,Foreclosed
6900 LONICERA DR,ORANGEVALE,95662,CA,250000,Foreclosed
419 DAWNRIDGE RD,ROSEVILLE,95678,CA,250000,Foreclosed
9054 DESCENDANT DR,ELK GROVE,95758,CA,250000,Sold
3450 WHITNOR CT,SACRAMENTO,95821,CA,250000,Sold
6288 LONETREE BLVD,ROCKLIN,95765,CA,250000,Sold
1316 I ST,RIO LINDA,95673,CA,249862,Sold
5976 KYLENCH CT,CITRUS HEIGHTS,95621,CA,249000,Sold
9247 DELAIR WAY,ELK GROVE,95758,CA,249000,Sold
77 RINETTI WAY,RIO LINDA,95673,CA,247480,Sold
6943 WOLFGRAM WAY,SACRAMENTO,95828,CA,247234,Sold
3569 SODA WAY,SACRAMENTO,95834,CA,247000,Sold
5118 ROBANDER ST,CARMICHAEL,95608,CA,247000,Sold
4240 WINJE DR,ANTELOPE,95843,CA,246750,Sold
8316 NORTHAM DR,ANTELOPE,95843,CA,246544,Sold
3662 RIVER DR,SACRAMENTO,95833,CA,246000,Sold
8636 TEGEA WAY,ELK GROVE,95624,CA,245918,sold
7344 BUTTERBALL WAY,SACRAMENTO,95842,CA,245000,Foreclosed
8219 GWINHURST CIR,SACRAMENTO,95828,CA,245000,Foreclosed
3240 S ST,SACRAMENTO,95816,CA,245000,Foreclosed
4867 LAGUNA DR,SACRAMENTO,95823,CA,245000,Sold
6913 RICHEVE WAY,SACRAMENTO,95828,CA,244960,Foreclosed
2866 KARITSA AVE,SACRAMENTO,95833,CA,244500,sold
7713 HARVEST WOODS DR,SACRAMENTO,95828,CA,244000,Foreclosed
16 BRONCO CREEK CT,SACRAMENTO,95835,CA,243500,Sold
8323 REDBANK WAY,SACRAMENTO,95829,CA,243450,Sold
4804 NORIKER DR,ELK GROVE,95757,CA,242638,sold
8830 ADUR RD,ELK GROVE,95624,CA,242000,Foreclosed
11130 EEL RIVER CT,RANCHO CORDOVA,95670,CA,242000,Sold
6411 RED BIRCH WAY,ELK GROVE,95758,CA,241000,Sold
7 ARCHIBALD CT,SACRAMENTO,95823,CA,240971,Sold
1028 FALLON PLACE CT,RIO LINDA,95673,CA,240122,Foreclosed
611 BLOSSOM ROCK LN,FOLSOM,95630,CA,240000,Foreclosed
9080 BEDROCK CT,SACRAMENTO,95829,CA,240000,Sold
100 TOURMALINE CIR,SACRAMENTO,95834,CA,240000,Sold
4085 COUNTRY DR,ANTELOPE,95843,CA,240000,Sold
9297 TROUT WAY,ELK GROVE,95624,CA,240000,Sold
3305 RIO ROCA CT,ANTELOPE,95843,CA,239700,Sold
2566 SERENATA WAY,SACRAMENTO,95835,CA,239000,Sold
709 CIMMARON CT,GALT,95632,CA,238861,Sold
3301 PARK DR Unit 1914,SACRAMENTO,95835,CA,238000,Sold
4243 MIDDLEBURY WAY,MATHER,95655,CA,237800,sold
9186 KINBRACE CT,SACRAMENTO,95829,CA,236685,Foreclosed
2125 22ND AVE,SACRAMENTO,95822,CA,236250,Foreclosed
617 WILLOW CREEK DR,FOLSOM,95630,CA,236073,Sold
2887 AZEVEDO DR,SACRAMENTO,95833,CA,236000,sold
10949 SCOTSMAN WAY,RANCHO CORDOVA,95670,CA,236000,Sold
3882 YELLOWSTONE LN,EL DORADO HILLS,95762,CA,235738,Foreclosed
8304 RED FOX WAY,ELK GROVE,95758,CA,235301,Sold
6613 NAVION DR,CITRUS HEIGHTS,95621,CA,235000,Foreclosed
51 ANJOU CIR,SACRAMENTO,95835,CA,235000,Foreclosed
8101 LEMON COVE CT,SACRAMENTO,95828,CA,235000,Sold
7933 DAFFODIL WAY,CITRUS HEIGHTS,95610,CA,235000,Sold
10245 LOS PALOS DR,RANCHO CORDOVA,95670,CA,234697,sold
7461 WINDBRIDGE DR,SACRAMENTO,95831,CA,234500,Sold
5340 BIRK WAY,SACRAMENTO,95835,CA,234000,Foreclosed
8721 SPRUCE RIDGE WAY,ANTELOPE,95843,CA,234000,Sold
6932 RUSKUT WAY,SACRAMENTO,95823,CA,234000,Foreclosed
5636 25TH ST,SACRAMENTO,95822,CA,233641,Sold
8935 MOUNTAIN HOME CT,ELK GROVE,95624,CA,233500,Sold
2319 THORES ST,RANCHO CORDOVA,95670,CA,233000,Sold
301 OLIVADI WAY,SACRAMENTO,95834,CA,232500,Sold
107 JARVIS CIR,SACRAMENTO,95834,CA,232500,Sold
9169 GARLINGTON CT,SACRAMENTO,95829,CA,232425,Sold
312 RIVER ISLE WAY,SACRAMENTO,95831,CA,232000,Foreclosed
5037 J PKWY,SACRAMENTO,95823,CA,231477,Foreclosed
4508 OLD DAIRY DR,ANTELOPE,95843,CA,231200,Foreclosed
4709 AMBER LN Unit 1,SACRAMENTO,95841,CA,230522,Foreclosed
3425 MEADOW WAY,ROCKLIN,95677,CA,230095,Sold
2284 LOS ROBLES RD,MEADOW VISTA,95722,CA,230000,Foreclosed
8164 CHENIN BLANC LN,FAIR OAKS,95628,CA,230000,Foreclosed
4620 CHAMBERLIN CIR,ELK GROVE,95757,CA,230000,Foreclosed
3012 SPOONWOOD WAY,SACRAMENTO,95833,CA,230000,Foreclosed
8728 CRYSTAL RIVER WAY,SACRAMENTO,95828,CA,230000,Foreclosed
5601 REXLEIGH DR,SACRAMENTO,95823,CA,230000,Foreclosed
1909 YARNELL WAY,ELK GROVE,95758,CA,230000,Foreclosed
441 ARLINGDALE CIR,RIO LINDA,95673,CA,229665,Foreclosed
5 BISHOPGATE CT,SACRAMENTO,95823,CA,229500,Foreclosed
2400 INVERNESS DR,LINCOLN,95648,CA,229027,Sold
8637 PERIWINKLE CIR,ELK GROVE,95624,CA,229000,Sold
8209 RIVALLO WAY,SACRAMENTO,95829,CA,228750,Sold
4419 79TH ST,SACRAMENTO,95820,CA,228327,Foreclosed
9257 CALDERA WAY,SACRAMENTO,95826,CA,228000,Foreclosed
5024 CHAMBERLIN CIR,ELK GROVE,95757,CA,228000,Sold
9837 CORTE DORADO CT,ELK GROVE,95624,CA,227887,sold
913 COBDEN CT,GALT,95632,CA,225500,Foreclosed
2340 HURLEY WAY,SACRAMENTO,95825,CA,225000,Foreclosed
3035 BRUNNET LN,SACRAMENTO,95833,CA,225000,Foreclosed
3025 EL PRADO WAY,SACRAMENTO,95825,CA,225000,Foreclosed
9387 GRANITE FALLS CT,ELK GROVE,95624,CA,225000,Foreclosed
320 GROTH CIR,SACRAMENTO,95834,CA,225000,Sold
137 GUNNISON AVE,SACRAMENTO,95838,CA,225000,Sold
7540 HICKORY AVE,ORANGEVALE,95662,CA,225000,Foreclosed
2181 WINTERHAVEN CIR,CAMERON PARK,95682,CA,224500,Sold
7381 WASHBURN WAY,NORTH HIGHLANDS,95660,CA,224252,Foreclosed
3557 SODA WAY,SACRAMENTO,95834,CA,224000,Foreclosed
3528 SAINT GEORGE DR,SACRAMENTO,95821,CA,224000,Foreclosed
3318 DAVIDSON DR,ANTELOPE,95843,CA,223139,Foreclosed
8373 BLACKMAN WAY,ELK GROVE,95624,CA,223058,Foreclosed
4900 ELUDE CT,SACRAMENTO,95842,CA,223000,Sold
8629 VIA ALTA WAY,ELK GROVE,95624,CA,222900,Foreclosed
9264 BOULDER RIVER WAY,ELK GROVE,95624,CA,222750,Sold
9967 HATHERTON WAY,ELK GROVE,95757,CA,222500,Sold
6217 LEOLA WAY,SACRAMENTO,95824,CA,222381,Foreclosed
9176 SAGE GLEN WAY,ELK GROVE,95758,CA,222000,Sold
1139 CLINTON RD,SACRAMENTO,95825,CA,221250,Sold
9080 FRESCA WAY,ELK GROVE,95758,CA,221000,Foreclosed
391 NATALINO CIR,SACRAMENTO,95835,CA,221000,sold
7423 WILSALL CT,ELK GROVE,95758,CA,221000,Foreclosed
5532 ENGLE RD,CARMICHAEL,95608,CA,220702,Sold
7535 ALMA VISTA WAY,SACRAMENTO,95831,CA,220000,Foreclosed
1528 HESKET WAY,SACRAMENTO,95825,CA,220000,Sold
2327 32ND ST,SACRAMENTO,95817,CA,220000,Sold
1833 2ND AVE,SACRAMENTO,95818,CA,220000,Sold
7252 CARRIAGE DR,CITRUS HEIGHTS,95621,CA,220000,Sold
9815 PASO FINO WAY,ELK GROVE,95757,CA,220000,Sold
9185 CERROLINDA CIR,ELK GROVE,95758,CA,220000,Foreclosed
9197 CORTINA CIR,ROSEVILLE,95678,CA,220000,Sold
5429 HESPER WAY,CARMICHAEL,95608,CA,220000,Foreclosed
1178 WARMWOOD CT,GALT,95632,CA,220000,Sold
10085 ATKINS DR,ELK GROVE,95757,CA,219794,Foreclosed
8445 OLD AUBURN RD,CITRUS HEIGHTS,95610,CA,219000,Foreclosed
110 COPPER LEAF WAY,SACRAMENTO,95838,CA,218000,Foreclosed
624 HOVEY WAY,ROSEVILLE,95678,CA,217500,Foreclosed
636 CRESTVIEW DR,DIAMOND SPRINGS,95619,CA,216033,Sold
7809 VALLECITOS WAY,SACRAMENTO,95828,CA,216021,Sold
9020 LUKEN CT,ELK GROVE,95624,CA,216000,Sold
3139 SPOONWOOD WAY Unit 1,SACRAMENTO,95833,CA,215500,Foreclosed
308 ATKINSON ST,ROSEVILLE,95678,CA,215100,Foreclosed
5805 HIMALAYA WAY,CITRUS HEIGHTS,95621,CA,215000,Foreclosed
7944 SYLVAN OAK WAY,CITRUS HEIGHTS,95610,CA,215000,Foreclosed
2945 RED HAWK WAY,SACRAMENTO,95833,CA,215000,Foreclosed
3228 I ST,SACRAMENTO,95816,CA,215000,Foreclosed
9552 SUNLIGHT LN,ELK GROVE,95758,CA,215000,Sold
2733 YUMA CT,CAMERON PARK,95682,CA,215000,Sold
1407 TIFFANY CIR,ROSEVILLE,95661,CA,215000,Sold
8442 KEUSMAN ST,ELK GROVE,95758,CA,213750,Sold
6344 LAGUNA MIRAGE LN,ELK GROVE,95758,CA,213697,Foreclosed
8167 DERBY PARK CT,SACRAMENTO,95828,CA,213675,Foreclosed
7958 ROSEVIEW WAY,SACRAMENTO,95828,CA,213000,Foreclosed
8345 STAR THISTLE WAY,SACRAMENTO,95823,CA,212864,sold
140 VENTO CT,ROSEVILLE,95678,CA,212500,Sold
7213 CALVIN DR,CITRUS HEIGHTS,95621,CA,212000,Foreclosed
8428 MISTY PASS WAY,ANTELOPE,95843,CA,212000,Sold
1889 COLD SPRINGS RD,PLACERVILLE,95667,CA,211500,Foreclosed
8652 BANTON CIR,ELK GROVE,95624,CA,211500,Foreclosed
1900 DANBROOK DR,SACRAMENTO,95835,CA,210944,Sold
3361 BOW MAR CT,CAMERON PARK,95682,CA,210000,Foreclosed
9474 VILLAGE TREE DR,ELK GROVE,95758,CA,210000,Foreclosed
20 GROTH CIR,SACRAMENTO,95834,CA,210000,Sold
82 WILDFLOWER DR,GALT,95632,CA,209347,Foreclosed
6080 BRIDGECROSS DR,SACRAMENTO,95835,CA,209000,Sold
6920 GILLINGHAM WAY,NORTH HIGHLANDS,95660,CA,208318,Foreclosed
2100 BEATTY WAY,ROSEVILLE,95747,CA,208250,Sold
170 PENHOW CIR,SACRAMENTO,95834,CA,208000,Foreclosed
8165 AYN RAND CT,SACRAMENTO,95828,CA,208000,Foreclosed
416 LEITCH AVE,SACRAMENTO,95815,CA,207973,Sold
7901 GAZELLE TRAIL WAY,ANTELOPE,95843,CA,207744,Sold
4232 71ST ST,SACRAMENTO,95820,CA,207000,Foreclosed
6671 FOXWOOD CT,SACRAMENTO,95841,CA,207000,Foreclosed
1986 DANVERS WAY,SACRAMENTO,95832,CA,207000,Sold
5209 LAGUNA CREST WAY,ELK GROVE,95758,CA,207000,Foreclosed
17 SERASPI CT,SACRAMENTO,95834,CA,206000,sold
3230 SMATHERS WAY,CARMICHAEL,95608,CA,205900,Sold
2328 DOROTHY JUNE WAY,SACRAMENTO,95838,CA,205878,Sold
8151 QUAIL RIDGE CT,SACRAMENTO,95828,CA,205000,Foreclosed
4899 WIND CREEK DR,SACRAMENTO,95838,CA,205000,Foreclosed
2370 BIG CANYON CREEK RD,PLACERVILLE,95667,CA,205000,Foreclosed
6049 HAMBURG WAY,SACRAMENTO,95823,CA,205000,Foreclosed
8716 LONGSPUR WAY,ANTELOPE,95843,CA,205000,Sold
6320 EL DORADO ST,EL DORADO,95623,CA,205000,Sold
6600 SILVERTHORNE CIR,SACRAMENTO,95842,CA,205000,Foreclosed
2221 2ND AVE,SACRAMENTO,95818,CA,205000,Foreclosed
7849 BONNY DOWNS WAY,ELK GROVE,95758,CA,204918,Sold
8789 SEQUOIA WOOD CT,ELK GROVE,95624,CA,204750,Foreclosed
909 SINGINGWOOD RD,SACRAMENTO,95864,CA,203000,Foreclosed
1636 ALLENWOOD CIR,LINCOLN,95648,CA,202500,Foreclosed
5954 BRIDGECROSS DR,SACRAMENTO,95835,CA,201528,Sold
2778 KAWEAH CT,CAMERON PARK,95682,CA,201000,Foreclosed
5733 ANGELINA AVE,CARMICHAEL,95608,CA,201000,Sold
1 KENNELFORD CIR,SACRAMENTO,95823,CA,200345,Foreclosed
1525 PENNSYLVANIA AVE,WEST SACRAMENTO,95691,CA,200100,Sold
120 GRANT LN,FOLSOM,95630,CA,200000,sold
5907 ELLERSLEE DR,CARMICHAEL,95608,CA,200000,Foreclosed
4437 MITCHUM CT,ANTELOPE,95843,CA,200000,Foreclosed
6908 PIN OAK CT,FAIR OAKS,95628,CA,200000,Sold
815 CROSSWIND DR,SACRAMENTO,95838,CA,200000,Foreclosed
5509 LAGUNA CREST WAY,ELK GROVE,95758,CA,200000,Sold
8424 MERRY HILL WAY,ELK GROVE,95624,CA,200000,Foreclosed
2880 CANDIDO DR,SACRAMENTO,95833,CA,199900,Sold
8708 MESA BROOK WAY,ELK GROVE,95624,CA,199500,Foreclosed
6930 HAMPTON COVE WAY,SACRAMENTO,95823,CA,198000,sold
6128 CARL SANDBURG CIR,SACRAMENTO,95842,CA,198000,Foreclosed
3522 22ND AVE,SACRAMENTO,95820,CA,198000,Sold
7409 VOYAGER WAY,CITRUS HEIGHTS,95621,CA,198000,Foreclosed
508 SAMUEL WAY,SACRAMENTO,95838,CA,197654,Foreclosed
8001 ARROYO VISTA DR,SACRAMENTO,95823,CA,195500,Foreclosed
7624 BOGEY CT,SACRAMENTO,95828,CA,195000,Foreclosed
3949 WILDROSE WAY,SACRAMENTO,95826,CA,195000,sold
3801 WILDROSE WAY,SACRAMENTO,95826,CA,195000,Foreclosed
7015 WOODSIDE DR,SACRAMENTO,95842,CA,195000,Sold
6019 CHESHIRE WAY,CITRUS HEIGHTS,95610,CA,195000,Sold
3330 VILLAGE CT,CAMERON PARK,95682,CA,195000,Sold
2561 VERNA WAY,SACRAMENTO,95821,CA,195000,Sold
7895 CABER WAY,ANTELOPE,95843,CA,194818,sold
5890 TT TRAK,FORESTHILL,95631,CA,194818,Sold
7005 TIANT WAY,ELK GROVE,95758,CA,194000,Foreclosed
7031 CANEVALLEY CIR,CITRUS HEIGHTS,95621,CA,194000,Foreclosed
4290 BLACKFORD WAY,SACRAMENTO,95823,CA,193500,Sold
2909 SHAWN WAY,RANCHO CORDOVA,95670,CA,193000,Sold
5938 WOODBRIAR WAY,CITRUS HEIGHTS,95621,CA,192700,Foreclosed
2617 BASS CT,SACRAMENTO,95826,CA,192067,sold
212 CAPPUCINO WAY,SACRAMENTO,95838,CA,192000,Foreclosed
1973 DANVERS WAY,SACRAMENTO,95832,CA,191675,Sold
1347 HIDALGO CIR,ROSEVILLE,95747,CA,191500,Foreclosed
4854 TANGERINE AVE,SACRAMENTO,95823,CA,191250,Sold
6601 WOODMORE OAKS DR,ORANGEVALE,95662,CA,191250,Sold
8952 ROCKY CREEK CT,ELK GROVE,95758,CA,190000,Sold
435 EXCHANGE ST,SACRAMENTO,95838,CA,190000,Sold
10105 MONTE VALLO CT,SACRAMENTO,95827,CA,190000,Sold
3930 ANNABELLE AVE,ROSEVILLE,95661,CA,190000,Sold
27 MEGAN CT,SACRAMENTO,95838,CA,190000,Foreclosed
6622 WILLOWLEAF DR,CITRUS HEIGHTS,95621,CA,189836,Sold
8317 SUNNY CREEK WAY,SACRAMENTO,95823,CA,189000,Foreclosed
5925 MALEVILLE AVE,CARMICHAEL,95608,CA,189000,sold
5501 VALLETTA WAY,SACRAMENTO,95820,CA,189000,Foreclosed
5624 MEMORY LN,FAIR OAKS,95628,CA,189000,Foreclosed
404 6TH ST,GALT,95632,CA,188741,sold
1080 RIO NORTE WAY,SACRAMENTO,95834,CA,188700,Foreclosed
8 TIDE CT,SACRAMENTO,95833,CA,188335,Sold
1786 PIEDMONT WAY,ROSEVILLE,95661,CA,188325,Foreclosed
1550 TOPANGA LN Unit 207,LINCOLN,95648,CA,188000,Sold
1910 BONAVISTA WAY,SACRAMENTO,95832,CA,187000,Sold
8817 SAWTELLE WAY,SACRAMENTO,95826,CA,186785,Sold
8369 FOPPIANO WAY,SACRAMENTO,95829,CA,185833,Sold
7577 EDDYLEE WAY,SACRAMENTO,95822,CA,185074,Sold
8907 GEMWOOD WAY,ELK GROVE,95758,CA,185000,Foreclosed
8570 SHERATON DR,FAIR OAKS,95628,CA,185000,Sold
2219 EL CANTO CIR,RANCHO CORDOVA,95670,CA,184500,sold
9021 MADISON AVE,ORANGEVALE,95662,CA,183200,Foreclosed
306 CAMELLIA WAY,GALT,95632,CA,182750,sold
4844 CLYDEBANK WAY,ANTELOPE,95843,CA,182716,Foreclosed
5993 SAWYER CIR,SACRAMENTO,95823,CA,182587,sold
1207 CRESCENDO DR,ROSEVILLE,95678,CA,182587,Sold
8284 RED FOX WAY,ELK GROVE,95758,CA,182000,Foreclosed
7110 STELLA LN Unit 15,CARMICHAEL,95608,CA,182000,Foreclosed
540 HARLING CT,RIO LINDA,95673,CA,182000,Sold
5332 SANDSTONE ST,CARMICHAEL,95608,CA,181872,Foreclosed
9012 KIEFER BLVD,SACRAMENTO,95826,CA,181000,sold
24 WINDCHIME CT,SACRAMENTO,95823,CA,181000,Sold
7129 SPRINGMONT DR,ELK GROVE,95758,CA,180400,sold
7863 CRESTLEIGH CT,ANTELOPE,95843,CA,180000,Foreclosed
8593 DERLIN WAY,SACRAMENTO,95823,CA,180000,Foreclosed
9273 PREMIER WAY,SACRAMENTO,95826,CA,180000,Foreclosed
8032 DUSENBERG CT,SACRAMENTO,95828,CA,180000,Foreclosed
2421 BERRYWOOD DR,RANCHO CORDOVA,95670,CA,180000,Sold
1005 MORENO WAY,SACRAMENTO,95838,CA,180000,Sold
1675 VERNON ST Unit 24,ROSEVILLE,95678,CA,180000,Sold
4520 BOMARK WAY,SACRAMENTO,95842,CA,179580,Foreclosed
9 WIND CT,SACRAMENTO,95823,CA,179500,Foreclosed
5841 VALLEY VALE WAY,SACRAMENTO,95823,CA,179000,sold
8531 HERMITAGE WAY,SACRAMENTO,95823,CA,179000,Sold
1122 WILD POPPY CT,GALT,95632,CA,178760,sold
7957 VALLEY GREEN DR,SACRAMENTO,95823,CA,178480,Foreclosed
4649 FREEWAY CIR,SACRAMENTO,95841,CA,178000,Foreclosed
7800 TABARE CT,CITRUS HEIGHTS,95621,CA,178000,Sold
8879 APPLE PEAR CT,ELK GROVE,95624,CA,176850,Sold
8244 SUNBIRD WAY,SACRAMENTO,95823,CA,176250,Foreclosed
1792 DAWNELLE WAY,SACRAMENTO,95835,CA,176250,Sold
3529 FABERGE WAY,SACRAMENTO,95826,CA,176095,Sold
2460 EL ROCCO WAY,RANCHO CORDOVA,95670,CA,175000,sold
2250 FOREBAY RD,POLLOCK PINES,95726,CA,175000,Sold
8156 STEINBECK WAY,SACRAMENTO,95828,CA,174313,sold
7223 KALLIE KAY LN,SACRAMENTO,95823,CA,174250,Foreclosed
1140 EDMONTON DR,SACRAMENTO,95833,CA,174250,Foreclosed
332 PALIN AVE,GALT,95632,CA,174000,Foreclosed
8916 GABLES MILL PL,ELK GROVE,95758,CA,174000,Foreclosed
7045 PEEVEY CT,SACRAMENTO,95823,CA,173056,Foreclosed
8299 HALBRITE WAY,SACRAMENTO,95828,CA,173000,sold
4480 VALLEY HI DR,SACRAMENTO,95823,CA,173000,Sold
26 KAMSON CT,SACRAMENTO,95833,CA,172000,Sold
7687 HOWERTON DR,SACRAMENTO,95831,CA,171750,Sold
7342 DAVE ST,SACRAMENTO,95828,CA,170725,Foreclosed
8884 AMBERJACK WAY,SACRAMENTO,95828,CA,170250,Sold
9417 SARA ST,ELK GROVE,95624,CA,170000,Foreclosed
7108 HEATHER TREE DR,SACRAMENTO,95842,CA,170000,Foreclosed
2956 DAVENPORT WAY,SACRAMENTO,95833,CA,170000,Foreclosed
10062 LINCOLN VILLAGE DR,SACRAMENTO,95827,CA,170000,Foreclosed
8300 LICHEN DR,CITRUS HEIGHTS,95621,CA,170000,Sold
604 P ST,LINCOLN,95648,CA,170000,Foreclosed
10001 WOODCREEK OAKS BLVD Unit 815,ROSEVILLE,95747,CA,170000,Foreclosed
7351 GIGI PL,SACRAMENTO,95828,CA,170000,Foreclosed
7740 DIXIE LOU ST,SACRAMENTO,95832,CA,170000,Sold
4500 TIPPWOOD WAY,SACRAMENTO,95842,CA,169000,Foreclosed
1001 RIO NORTE WAY,SACRAMENTO,95834,CA,169000,Sold
4008 GREY LIVERY WAY,ANTELOPE,95843,CA,168750,Sold
8920 ROSETTA CIR,SACRAMENTO,95826,CA,168750,Sold
4431 GREEN TREE DR,SACRAMENTO,95823,CA,168000,sold
8515 DARTFORD DR,SACRAMENTO,95823,CA,168000,sold
5217 ARGO WAY,SACRAMENTO,95820,CA,168000,Foreclosed
5937 YORK GLEN WAY,SACRAMENTO,95842,CA,168000,Sold
6417 SUNNYFIELD WAY,SACRAMENTO,95823,CA,168000,Sold
8306 CURLEW CT,CITRUS HEIGHTS,95621,CA,167293,Foreclosed
8306 CURLEW CT,CITRUS HEIGHTS,95621,CA,167293,Foreclosed
6121 ALPINESPRING WAY,ELK GROVE,95758,CA,167293,Sold
746 MOOSE CREEK WAY,GALT,95632,CA,167000,Foreclosed
7420 ALIX PKWY,SACRAMENTO,95823,CA,166357,sold
3820 NATOMA WAY,SACRAMENTO,95838,CA,166357,Foreclosed
6517 DONEGAL DR,CITRUS HEIGHTS,95621,CA,166000,Sold
8008 SAINT HELENA CT,SACRAMENTO,95829,CA,165750,Foreclosed
8421 SUNBLAZE WAY,SACRAMENTO,95823,CA,165000,Foreclosed
3228 BAGGAN CT,ANTELOPE,95843,CA,165000,Foreclosed
6485 LAGUNA MIRAGE LN,ELK GROVE,95758,CA,165000,Foreclosed
8225 SCOTTSDALE DR,SACRAMENTO,95828,CA,165000,Sold
8758 LEMAS RD,SACRAMENTO,95828,CA,165000,Sold
2601 SAN FERNANDO WAY,SACRAMENTO,95818,CA,165000,Foreclosed
501 POPLAR AVE,WEST SACRAMENTO,95691,CA,165000,Sold
2622 ERIN DR,SACRAMENTO,95833,CA,164000,sold
6632 IBEX WOODS CT,CITRUS HEIGHTS,95621,CA,164000,Foreclosed
117 EVCAR WAY,RIO LINDA,95673,CA,164000,Foreclosed
5920 VALLEY GLEN WAY,SACRAMENTO,95823,CA,164000,Foreclosed
925 COBDEN CT,GALT,95632,CA,162000,Sold
4631 11TH AVE,SACRAMENTO,95820,CA,161829,sold
7140 BLUE SPRINGS WAY,CITRUS HEIGHTS,95621,CA,161653,Foreclosed
4517 OLYMPIAD WAY,SACRAMENTO,95826,CA,161600,Sold
7315 KOALA CT,NORTH HIGHLANDS,95660,CA,161500,Foreclosed
3536 SUN MAIDEN WAY,ANTELOPE,95843,CA,161500,Sold
5708 RIDGEPOINT DR,ANTELOPE,95843,CA,161250,sold
8321 MISTLETOE WAY,CITRUS HEIGHTS,95621,CA,161250,Foreclosed
8363 LANGTREE WAY,SACRAMENTO,95823,CA,160000,Foreclosed
1675 VERNON ST Unit 8,ROSEVILLE,95678,CA,160000,Foreclosed
6824 OLIVE TREE WAY,CITRUS HEIGHTS,95610,CA,160000,Sold
4351 TURNBRIDGE DR,SACRAMENTO,95823,CA,160000,Sold
6513 HOLIDAY WAY,NORTH HIGHLANDS,95660,CA,160000,Sold
8198 STEVENSON AVE,SACRAMENTO,95828,CA,159900,Sold
6000 BIRCHGLADE WAY,CITRUS HEIGHTS,95621,CA,158000,Foreclosed
7204 THOMAS DR,NORTH HIGHLANDS,95660,CA,158000,Foreclosed
8200 STEINBECK WAY,SACRAMENTO,95828,CA,158000,Sold
4524 LOCH HAVEN WAY,SACRAMENTO,95842,CA,157788,sold
1941 EXPEDITION WAY,SACRAMENTO,95832,CA,157500,Foreclosed
8636 LONGSPUR WAY,ANTELOPE,95843,CA,157296,Sold
8718 ELK WAY,ELK GROVE,95624,CA,156896,Foreclosed
3150 ROSEMONT DR,SACRAMENTO,95826,CA,156142,Sold
6716 TAREYTON WAY,CITRUS HEIGHTS,95621,CA,156000,Foreclosed
2028 ROBERT WAY,SACRAMENTO,95825,CA,156000,sold
9346 AIZENBERG CIR,ELK GROVE,95624,CA,156000,Foreclosed
7204 KERSTEN ST,CITRUS HEIGHTS,95621,CA,155800,Sold
1223 LAMBERTON CIR,SACRAMENTO,95838,CA,155500,Foreclosed
1223 LAMBERTON CIR,SACRAMENTO,95838,CA,155435,Foreclosed
6045 EHRHARDT AVE,SACRAMENTO,95823,CA,155000,Foreclosed
4909 RUGER CT,SACRAMENTO,95842,CA,155000,Sold
2178 63RD AVE,SACRAMENTO,95822,CA,154000,sold
4800 WESTLAKE PKWY Unit 2109,SACRAMENTO,95835,CA,152000,Foreclosed
9254 HARROGATE WAY,ELK GROVE,95758,CA,152000,sold
8 LA ROCAS CT,SACRAMENTO,95823,CA,151087,Foreclosed
6948 MIRADOR WAY,SACRAMENTO,95828,CA,151000,Sold
5754 WALERGA RD Unit 4,SACRAMENTO,95842,CA,150454,Foreclosed
2442 LARKSPUR LN,SACRAMENTO,95825,CA,150000,sold
8116 COTTONMILL CIR,SACRAMENTO,95828,CA,150000,sold
4660 CEDARWOOD WAY,SACRAMENTO,95823,CA,150000,Foreclosed
3624 20TH AVE,SACRAMENTO,95820,CA,150000,Foreclosed
10001 WOODCREEK OAKS BLVD Unit 1415,ROSEVILLE,95747,CA,150000,Foreclosed
2848 PROVO WAY,SACRAMENTO,95822,CA,150000,Foreclosed
4055 DEERBROOK DR,SACRAMENTO,95823,CA,150000,Sold
9937 BURLINE ST,SACRAMENTO,95827,CA,150000,Sold
8025 ARROYO VISTA DR,SACRAMENTO,95823,CA,150000,Foreclosed
8344 FIELDPOPPY CIR,SACRAMENTO,95828,CA,149600,Foreclosed
7044 CARTHY WAY,SACRAMENTO,95828,CA,149593,Foreclosed
8354 SUNRISE WOODS WAY,SACRAMENTO,95828,CA,149000,Foreclosed
7661 NIXOS WAY,SACRAMENTO,95823,CA,148750,sold
4180 12TH AVE,SACRAMENTO,95817,CA,148750,Sold
7458 WINKLEY WAY,SACRAMENTO,95822,CA,148500,sold
5031 CORVAIR ST,NORTH HIGHLANDS,95660,CA,147308,Foreclosed
7620 DARLA WAY,SACRAMENTO,95828,CA,147000,Foreclosed
612 STONE BLVD,WEST SACRAMENTO,95691,CA,147000,Sold
3920 SHINING STAR DR,SACRAMENTO,95823,CA,146250,sold
4207 PAINTER WAY,NORTH HIGHLANDS,95660,CA,146000,Foreclosed
8632 PRAIRIEWOODS DR,SACRAMENTO,95828,CA,145846,Foreclosed
5201 LAGUNA OAKS DR Unit 126,ELK GROVE,95758,CA,145000,Foreclosed
3328 22ND AVE,SACRAMENTO,95820,CA,145000,sold
8001 HARTWICK WAY,SACRAMENTO,95828,CA,145000,Foreclosed
7812 HARTWICK WAY,SACRAMENTO,95828,CA,145000,sold
2123 AMANDA WAY,SACRAMENTO,95822,CA,145000,Foreclosed
5531 JANSEN DR,SACRAMENTO,95824,CA,145000,Sold
7836 ORCHARD WOODS CIR,SACRAMENTO,95828,CA,145000,Sold
1035 MILLET WAY,SACRAMENTO,95834,CA,143500,sold
2149 COTTAGE WAY,SACRAMENTO,95825,CA,143012,Sold
5333 PRIMROSE DR Unit 19A,FAIR OAKS,95628,CA,142500,Foreclosed
3604 KODIAK WAY,ANTELOPE,95843,CA,142000,Foreclosed
5201 LAGUNA OAKS DR Unit 162,ELK GROVE,95758,CA,141000,Foreclosed
2368 CRAIG AVE,SACRAMENTO,95832,CA,140800,Foreclosed
3174 NORTHVIEW DR,SACRAMENTO,95833,CA,140000,Foreclosed
840 TRANQUIL LN,GALT,95632,CA,140000,sold
2421 SANTINA WAY,ELVERTA,95626,CA,140000,Foreclosed
2931 HOWE AVE,SACRAMENTO,95821,CA,140000,Sold
7032 FAIR OAKS BLVD,CARMICHAEL,95608,CA,139500,Foreclosed
7944 DOMINION WAY,ELVERTA,95626,CA,138750,sold
4904 J PKWY,SACRAMENTO,95823,CA,138000,Sold
1530 TOPANGA LN Unit 204,LINCOLN,95648,CA,138000,Foreclosed
1158 SAN IGNACIO WAY,SACRAMENTO,95833,CA,137760,Sold
4288 DYMIC WAY,SACRAMENTO,95838,CA,137721,Sold
3100 EXPLORER DR,SACRAMENTO,95827,CA,136500,Foreclosed
617 M ST,RIO LINDA,95673,CA,136500,Foreclosed
14 ASHLEY OAKS CT,SACRAMENTO,95815,CA,135500,sold
648 SANTA ANA AVE,SACRAMENTO,95838,CA,135000,Foreclosed
6768 MEDORA DR,NORTH HIGHLANDS,95660,CA,134555,sold
604 MORRISON AVE,SACRAMENTO,95838,CA,134000,sold
97 KENNELFORD CIR,SACRAMENTO,95823,CA,134000,Sold
2636 TRONERO WAY,RANCHO CORDOVA,95670,CA,134000,Foreclosed
4114 35TH AVE,SACRAMENTO,95824,CA,133105,Foreclosed
5201 LAGUNA OAKS DR Unit 140,ELK GROVE,95758,CA,133000,Foreclosed
7825 CREEK VALLEY CIR,SACRAMENTO,95828,CA,132000,sold
7043 9TH AVE,RIO LINDA,95673,CA,132000,Sold
4073 TRESLER AVE,NORTH HIGHLANDS,95660,CA,131750,Sold
6631 DEMARET DR,SACRAMENTO,95822,CA,131750,Foreclosed
9861 CULP WAY,SACRAMENTO,95827,CA,131200,Foreclosed
7226 LARCHMONT DR,NORTH HIGHLANDS,95660,CA,130000,Foreclosed
7825 DALEWOODS WAY,SACRAMENTO,95828,CA,130000,Sold
7928 36TH AVE,SACRAMENTO,95824,CA,130000,Sold
4071 EVALITA WAY,SACRAMENTO,95823,CA,129500,Foreclosed
1469 JANRICK AVE,SACRAMENTO,95832,CA,129000,sold
3692 PAYNE WAY,NORTH HIGHLANDS,95660,CA,129000,Foreclosed
7517 50TH AVE,SACRAMENTO,95828,CA,128687,Foreclosed
7349 FLETCHER FARM DR,SACRAMENTO,95828,CA,127500,Foreclosed
4108 NORTON WAY,SACRAMENTO,95820,CA,127281,Foreclosed
3118 42ND ST,SACRAMENTO,95817,CA,127059,Foreclosed
227 MAHAN CT Unit 1,ROSEVILLE,95678,CA,127000,Foreclosed
9013 CASALS ST,SACRAMENTO,95826,CA,126960,Foreclosed
1691 NOGALES ST,SACRAMENTO,95838,CA,126854,Sold
7741 MILLDALE CIR,ELVERTA,95626,CA,126714,Foreclosed
3828 BLACKFOOT WAY,ANTELOPE,95843,CA,126640,sold
2505 RHINE WAY,ELVERTA,95626,CA,126000,sold
2847 BELGRADE WAY,SACRAMENTO,95833,CA,125573,Foreclosed
3729 BAINBRIDGE DR,NORTH HIGHLANDS,95660,CA,125000,Foreclosed
3800 LYNHURST WAY,NORTH HIGHLANDS,95660,CA,125000,sold
6139 HERMOSA ST,SACRAMENTO,95822,CA,125000,Foreclosed
3128 VIA GRANDE,SACRAMENTO,95825,CA,125000,Foreclosed
1630 GLIDDEN AVE,SACRAMENTO,95822,CA,125000,Sold
6548 GRAYLOCK LN,NORTH HIGHLANDS,95660,CA,124413,Sold
9 PASTURE CT,SACRAMENTO,95834,CA,124100,sold
12 COSTA BRASE CT,SACRAMENTO,95838,CA,124000,Sold
6813 SCOTER WAY,SACRAMENTO,95842,CA,124000,Sold
211 MCDANIEL CIR,SACRAMENTO,95838,CA,123750,Foreclosed
87 LACAM CIR,SACRAMENTO,95820,CA,123675,Sold
6318 39TH AVE,SACRAMENTO,95824,CA,123225,sold
7511 OAKVALE CT,NORTH HIGHLANDS,95660,CA,123000,Foreclosed
6743 21ST ST,SACRAMENTO,95822,CA,123000,Foreclosed
119 SAINT MARIE CIR,SACRAMENTO,95823,CA,123000,Sold
4882 BANDALIN WAY,SACRAMENTO,95823,CA,122682,sold
7328 SPRINGMAN ST,SACRAMENTO,95822,CA,122500,Sold
6118 STONEHAND AVE,CITRUS HEIGHTS,95621,CA,122000,Foreclosed
201 CARLO CT,GALT,95632,CA,122000,Foreclosed
1455 64TH AVE,SACRAMENTO,95822,CA,122000,Sold
7730 ROBINETTE RD,SACRAMENTO,95828,CA,122000,Foreclosed
2621 EVERGREEN ST,SACRAMENTO,95815,CA,121725,Foreclosed
113 LEEWILL AVE,RIO LINDA,95673,CA,121630,sold
5380 VILLAGE WOOD DR,SACRAMENTO,95823,CA,121500,Foreclosed
5136 CABOT CIR,SACRAMENTO,95820,CA,121500,Sold
10542 SILVERWOOD WAY,RANCHO CORDOVA,95670,CA,120108,Foreclosed
4621 COUNTRY SCENE WAY,SACRAMENTO,95823,CA,120108,Foreclosed
250 PERALTA AVE,SACRAMENTO,95833,CA,120000,Foreclosed
7342 GIGI PL,SACRAMENTO,95828,CA,120000,Foreclosed
2610 PHYLLIS AVE,SACRAMENTO,95820,CA,120000,Foreclosed
4200 COMMERCE WAY Unit 711,SACRAMENTO,95834,CA,120000,Foreclosed
3726 JONKO AVE,NORTH HIGHLANDS,95660,CA,119250,Foreclosed
3035 ESTEPA DR Unit 5C,CAMERON PARK,95682,CA,119000,Foreclosed
6236 LONGFORD DR Unit 1,CITRUS HEIGHTS,95621,CA,116250,sold
7876 BURLINGTON WAY,SACRAMENTO,95832,CA,116100,Foreclosed
2361 LA LOMA DR,RANCHO CORDOVA,95670,CA,116000,Sold
6561 WEATHERFORD WAY,SACRAMENTO,95823,CA,116000,Foreclosed
1110 PINEDALE AVE,SACRAMENTO,95838,CA,115620,Sold
3409 VIRGO ST,SACRAMENTO,95827,CA,115500,Sold
8020 WALERGA RD,ANTELOPE,95843,CA,115000,Foreclosed
167 VALLEY OAK DR,ROSEVILLE,95678,CA,115000,Foreclosed
2426 RASHAWN DR,RANCHO CORDOVA,95670,CA,115000,Sold
4800 WESTLAKE PKWY Unit 410,SACRAMENTO,95835,CA,115000,Sold
4803 MCCLOUD DR,SACRAMENTO,95842,CA,114800,sold
2277 BABETTE WAY,SACRAMENTO,95832,CA,114800,Foreclosed
8101 PORT ROYALE WAY,SACRAMENTO,95823,CA,114750,Foreclosed
3503 21ST AVE,SACRAMENTO,95820,CA,114000,Foreclosed
523 EXCHANGE ST,SACRAMENTO,95838,CA,114000,Foreclosed
6715 6TH ST,RIO LINDA,95673,CA,113263,Foreclosed
2216 DUNLAP DR,SACRAMENTO,95821,CA,113000,Foreclosed
3732 LANKERSHIM WAY,NORTH HIGHLANDS,95660,CA,112500,Foreclosed
7629 BETH ST,SACRAMENTO,95832,CA,112500,Sold
5307 CABRILLO WAY,SACRAMENTO,95820,CA,111000,sold
3725 DON JULIO BLVD,NORTH HIGHLANDS,95660,CA,111000,Foreclosed
7340 HAMDEN PL,SACRAMENTO,95842,CA,110700,sold
1434 BELL AVE,SACRAMENTO,95838,CA,110000,Foreclosed
5628 GEORGIA DR,NORTH HIGHLANDS,95660,CA,110000,Sold
3715 DIDCOT CIR,SACRAMENTO,95838,CA,109000,Sold
4225 46TH AVE,SACRAMENTO,95824,CA,109000,Sold
4533 LOCH HAVEN WAY,SACRAMENTO,95842,CA,108750,Foreclosed
1401 STERLING ST,SACRAMENTO,95822,CA,108000,Sold
739 E WOODSIDE LN Unit E,SACRAMENTO,95825,CA,107666,Foreclosed
2113 KIRK WAY,SACRAMENTO,95822,CA,107502,sold
2930 LA ROSA RD,SACRAMENTO,95815,CA,106852,Foreclosed
1121 CREEKSIDE WAY,GALT,95632,CA,106716,Foreclosed
4085 FAWN CIR,SACRAMENTO,95823,CA,106250,sold
4738 OAKHOLLOW DR,SACRAMENTO,95842,CA,105000,Sold
6208 GRATTAN WAY,NORTH HIGHLANDS,95660,CA,105000,Foreclosed
6063 LAND PARK DR,SACRAMENTO,95822,CA,104250,Sold
3935 LIMESTONE WAY,SACRAMENTO,95823,CA,104000,Foreclosed
2987 PONDEROSA LN,SACRAMENTO,95815,CA,102750,Foreclosed
6013 ROWAN WAY,CITRUS HEIGHTS,95621,CA,101000,Foreclosed
645 MORRISON AVE,SACRAMENTO,95838,CA,100309,Foreclosed
5201 LAGUNA OAKS DR Unit 172,ELK GROVE,95758,CA,100000,sold
2820 DEL PASO BLVD,SACRAMENTO,95815,CA,100000,Foreclosed
3715 TALLYHO DR Unit 78HIGH,SACRAMENTO,95826,CA,100000,Foreclosed
3847 LAS PASAS WAY,SACRAMENTO,95864,CA,99000,Foreclosed
